Ticker,Company Name,Years to 0 Profit (All),Years to 0 Profit (CO2 only),Years to 0 Profit (Water only),Years to 0 Profit (Electricity only)
MMM,3M,110,> 140,> 140,> 140
AOS,A. O. Smith,> 140,> 140,> 140,> 140
ABT,Abbott,> 140,> 140,> 140,> 140
ABBV,AbbVie,> 140,> 140,> 140,> 140
ACN,Accenture,> 140,> 140,> 140,> 140
ATVI,Activision Blizzard,> 140,> 140,> 140,> 140
ADM,ADM,4,4,45,> 140
ADBE,Adobe Inc.,> 140,> 140,> 140,> 140
ADP,ADP,> 140,> 140,> 140,> 140
AES,AES Corporation,2,4,2,2
AFL,Aflac,> 140,> 140,> 140,> 140
A,Agilent Technologies,> 140,> 140,> 140,> 140
APD,Air Products and Chemicals,0,0,0,0
AKAM,Akamai,> 140,> 140,> 140,> 140
ALK,Alaska Air Group,4,4,> 140,> 140
ALB,Albemarle Corporation,0,0,0,0
ARE,Alexandria Real Estate Equities,0,0,0,0
ALGN,Align Technology,> 140,> 140,> 140,> 140
ALLE,Allegion,> 140,> 140,> 140,> 140
LNT,Alliant Energy,4,4,72,96
ALL,Allstate,> 140,> 140,> 140,> 140
GOOGL,Alphabet Inc. (Class A),> 140,> 140,> 140,> 140
GOOG,Alphabet Inc. (Class C),> 140,> 140,> 140,> 140
MO,Altria,> 140,> 140,> 140,> 140
AMZN,Amazon,117,124,> 140,> 140
AMCR,Amcor,4,4,> 140,> 140
AMD,AMD,> 140,> 140,> 140,> 140
AEE,Ameren,4,4,9,> 140
AAL,American Airlines Group,4,4,38,> 140
AEP,American Electric Power,4,4,7,16
AXP,American Express,> 140,> 140,> 140,> 140
AIG,American International Group,> 140,> 140,> 140,> 140
AMT,American Tower,> 140,> 140,> 140,> 140
AWK,American Water Works,7,> 140,8,> 140
AMP,Ameriprise Financial,> 140,> 140,> 140,> 140
AME,Ametek,> 140,> 140,> 140,> 140
AMGN,Amgen,> 140,> 140,> 140,> 140
APH,Amphenol,> 140,> 140,> 140,> 140
ADI,Analog Devices,126,135,> 140,> 140
ANSS,Ansys,> 140,> 140,> 140,> 140
AON,Aon,> 140,> 140,> 140,> 140
APA,APA Corporation,4,4,> 140,> 140
AAPL,Apple Inc.,> 140,> 140,> 140,> 140
AMAT,Applied Materials,> 140,> 140,> 140,> 140
APTV,Aptiv,35,73,> 140,> 140
ACGL,Arch Capital Group,> 140,> 140,> 140,> 140
ANET,Arista Networks,78,78,> 140,> 140
AJG,Arthur J. Gallagher & Co.,> 140,> 140,> 140,> 140
AIZ,Assurant,> 140,> 140,> 140,> 140
T,AT&T,> 140,> 140,> 140,> 140
ATO,Atmos Energy,> 140,> 140,> 140,> 140
ADSK,Autodesk,> 140,> 140,> 140,> 140
AZO,AutoZone,> 140,> 140,> 140,> 140
AVB,AvalonBay Communities,> 140,> 140,> 140,> 140
AVY,Avery Dennison,> 140,> 140,> 140,> 140
AXON,Axon Enterprise,> 140,> 140,> 140,> 140
BKR,Baker Hughes,> 140,> 140,> 140,> 140
BALL,Ball Corporation,4,4,> 140,> 140
BAC,Bank of America,> 140,> 140,> 140,> 140
BBWI,Bath & Body Works,> 140,> 140,> 140,> 140
BAX,Baxter International,0,0,0,0
BDX,Becton Dickinson,> 140,> 140,> 140,> 140
WRB,Berkley,> 140,> 140,> 140,> 140
BRK.B,Berkshire Hathaway,38,53,> 140,> 140
BBY,Best Buy,> 140,> 140,> 140,> 140
BIO,Bio-Rad,> 140,> 140,> 140,> 140
TECH,Bio-Techne,> 140,> 140,> 140,> 140
BIIB,Biogen,> 140,> 140,> 140,> 140
BLK,BlackRock,> 140,> 140,> 140,> 140
BK,BNY Mellon,> 140,> 140,> 140,> 140
BA,Boeing,> 140,> 140,> 140,> 140
BKNG,Booking Holdings,> 140,> 140,> 140,> 140
BWA,BorgWarner,133,> 140,> 140,> 140
BXP,Boston Properties,> 140,> 140,> 140,> 140
BSX,Boston Scientific,> 140,> 140,> 140,> 140
BMY,Bristol Myers Squibb,> 140,> 140,> 140,> 140
AVGO,Broadcom Inc.,> 140,> 140,> 140,> 140
BR,Broadridge Financial Solutions,> 140,> 140,> 140,> 140
BRO,Brown & Brown,> 140,> 140,> 140,> 140
BF.B,Brown–Forman,> 140,> 140,> 140,> 140
BG,Bunge Limited,4,4,43,> 140
CHRW,C.H. Robinson,> 140,> 140,> 140,> 140
CDNS,Cadence Design Systems,> 140,> 140,> 140,> 140
CZR,Caesars Entertainment,0,0,0,0
CPT,Camden Property Trust,> 140,> 140,> 140,> 140
CPB,Campbell Soup Company,79,114,> 140,> 140
COF,Capital One,> 140,> 140,> 140,> 140
CAH,Cardinal Health,> 140,> 140,> 140,> 140
CCL,Carnival,4,4,> 140,> 140
CARR,Carrier Global,> 140,> 140,> 140,> 140
CTLT,Catalent,0,0,0,0
CAT,Caterpillar Inc.,> 140,> 140,> 140,> 140
CBOE,Cboe Global Markets,> 140,> 140,> 140,> 140
CBRE,CBRE Group,> 140,> 140,> 140,> 140
CDW,CDW,4,4,> 140,> 140
CE,Celanese,0,0,0,0
COR,Cencora,> 140,> 140,> 140,> 140
CNC,Centene Corporation,0,0,0,0
CNP,CenterPoint Energy,4,4,25,> 140
CDAY,Ceridian,> 140,> 140,> 140,> 140
CF,CF Industries,4,4,45,> 140
CRL,Charles River Laboratories,0,0,0,0
SCHW,Charles Schwab Corporation,> 140,> 140,> 140,> 140
CHTR,Charter Communications,> 140,> 140,> 140,> 140
CVX,Chevron Corporation,4,4,> 140,> 140
CMG,Chipotle Mexican Grill,4,4,> 140,> 140
CB,Chubb Limited,> 140,> 140,> 140,> 140
CHD,Church & Dwight,> 140,> 140,> 140,> 140
CI,Cigna,> 140,> 140,> 140,> 140
CINF,Cincinnati Financial,> 140,> 140,> 140,> 140
CTAS,Cintas,> 140,> 140,> 140,> 140
CSCO,Cisco,> 140,> 140,> 140,> 140
C,Citigroup,> 140,> 140,> 140,> 140
CFG,Citizens Financial Group,> 140,> 140,> 140,> 140
CLX,Clorox,> 140,> 140,> 140,> 140
CME,CME Group,> 140,> 140,> 140,> 140
CMS,CMS Energy,4,4,> 140,> 140
KO,Coca-Cola Company (The),73,> 140,> 140,> 140
CTSH,Cognizant,> 140,> 140,> 140,> 140
CL,Colgate-Palmolive,> 140,> 140,> 140,> 140
CMCSA,Comcast,> 140,> 140,> 140,> 140
CMA,Comerica,> 140,> 140,> 140,> 140
CAG,Conagra Brands,0,0,0,0
COP,ConocoPhillips,4,4,> 140,> 140
ED,Consolidated Edison,7,66,> 140,> 140
STZ,Constellation Brands,> 140,> 140,> 140,> 140
CEG,Constellation Energy,4,4,22,> 140
COO,CooperCompanies,> 140,> 140,> 140,> 140
CPRT,Copart,4,4,> 140,> 140
GLW,Corning Inc.,7,14,> 140,> 140
CTVA,Corteva,65,> 140,> 140,> 140
CSGP,CoStar Group,135,> 140,> 140,> 140
COST,Costco,4,4,> 140,> 140
CTRA,Coterra,120,139,> 140,> 140
CCI,Crown Castle,> 140,> 140,> 140,> 140
CSX,CSX,62,65,> 140,> 140
CMI,Cummins,> 140,> 140,> 140,> 140
CVS,CVS Health,> 140,> 140,> 140,> 140
DHI,D.R. Horton,> 140,> 140,> 140,> 140
DHR,Danaher Corporation,> 140,> 140,> 140,> 140
DRI,Darden Restaurants,71,> 140,> 140,> 140
DVA,DaVita Inc.,90,> 140,> 140,> 140
DE,John Deere,> 140,> 140,> 140,> 140
DAL,Delta Air Lines,4,4,> 140,> 140
XRAY,Dentsply Sirona,0,0,0,0
DVN,Devon Energy,38,53,> 140,> 140
DXCM,Dexcom,> 140,> 140,> 140,> 140
FANG,Diamondback Energy,50,59,> 140,> 140
DLR,Digital Realty,7,48,> 140,> 140
DFS,Discover Financial,> 140,> 140,> 140,> 140
DIS,Disney,> 140,> 140,> 140,> 140
DG,Dollar General,99,135,> 140,> 140
DLTR,Dollar Tree,> 140,> 140,> 140,> 140
D,Dominion Energy,4,4,> 140,114
DPZ,Domino's,88,98,> 140,> 140
DOV,Dover Corporation,> 140,> 140,> 140,> 140
DOW,Dow Inc.,0,0,0,0
DTE,DTE Energy,4,4,11,> 140
DUK,Duke Energy,3,4,3,74
DD,DuPont,4,4,16,> 140
DXC,DXC Technology,4,4,> 140,21
EMN,Eastman Chemical Company,4,4,6,6
ETN,Eaton Corporation,> 140,> 140,> 140,> 140
EBAY,eBay,> 140,> 140,> 140,> 140
ECL,Ecolab,> 140,> 140,> 140,> 140
EIX,Edison International,12,50,> 140,> 140
EW,Edwards Lifesciences,> 140,> 140,> 140,> 140
EA,Electronic Arts,> 140,> 140,> 140,> 140
ELV,Elevance Health,139,139,> 140,> 140
LLY,Eli Lilly and Company,> 140,> 140,> 140,> 140
EMR,Emerson Electric,> 140,> 140,> 140,> 140
ENPH,Enphase,> 140,> 140,> 140,> 140
ETR,Entergy,4,4,54,20
EOG,EOG Resources,78,94,> 140,> 140
EPAM,EPAM Systems,> 140,> 140,> 140,> 140
EQT,EQT,> 140,> 140,> 140,> 140
EFX,Equifax,> 140,> 140,> 140,> 140
EQIX,Equinix,> 140,> 140,> 140,> 140
EQR,Equity Residential,> 140,> 140,> 140,> 140
ESS,Essex Property Trust,> 140,> 140,> 140,> 140
EL,Estée Lauder Companies (The),> 140,> 140,> 140,> 140
ETSY,Etsy,> 140,> 140,> 140,> 140
EG,Everest Re,> 140,> 140,> 140,> 140
EVRG,Evergy,4,4,47,18
ES,Eversource,46,> 140,53,> 140
EXC,Exelon,4,4,> 140,> 140
EXPE,Expedia Group,> 140,> 140,> 140,> 140
EXPD,Expeditors International,> 140,> 140,> 140,> 140
EXR,Extra Space Storage,> 140,> 140,> 140,> 140
XOM,ExxonMobil,4,4,> 140,> 140
FFIV,F5,> 140,> 140,> 140,> 140
FDS,FactSet,> 140,> 140,> 140,> 140
FICO,Fair Isaac,> 140,> 140,> 140,> 140
FAST,Fastenal,> 140,> 140,> 140,> 140
FRT,Federal Realty,> 140,> 140,> 140,> 140
FDX,FedEx,4,4,> 140,> 140
FITB,Fifth Third Bank,> 140,> 140,> 140,> 140
FSLR,First Solar,> 140,> 140,> 140,> 140
FE,FirstEnergy,4,4,56,4
FIS,FIS,> 140,> 140,> 140,> 140
FI,Fiserv,> 140,> 140,> 140,> 140
FLT,Fleetcor,> 140,> 140,> 140,> 140
FMC,FMC Corporation,0,0,0,0
F,Ford Motor Company,0,0,0,0
FTNT,Fortinet,> 140,> 140,> 140,> 140
FTV,Fortive,> 140,> 140,> 140,> 140
FOXA,Fox Corporation (Class A),> 140,> 140,> 140,> 140
FOX,Fox Corporation (Class B),> 140,> 140,> 140,> 140
BEN,Franklin Templeton,> 140,> 140,> 140,> 140
FCX,Freeport-McMoRan,4,4,11,> 140
GRMN,Garmin,> 140,> 140,> 140,> 140
IT,Gartner,> 140,> 140,> 140,> 140
GEHC,GE HealthCare,> 140,> 140,> 140,> 140
GEN,Gen Digital,> 140,> 140,> 140,> 140
GNRC,Generac,> 140,> 140,> 140,> 140
GD,General Dynamics,> 140,> 140,> 140,> 140
GE,General Electric,> 140,> 140,> 140,> 140
GIS,General Mills,0,0,0,0
GM,General Motors,59,94,> 140,> 140
GPC,Genuine Parts Company,4,4,> 140,> 140
GILD,Gilead Sciences,> 140,> 140,> 140,> 140
GL,Globe Life,> 140,> 140,> 140,> 140
GPN,Global Payments,> 140,> 140,> 140,> 140
GS,Goldman Sachs,> 140,> 140,> 140,> 140
HAL,Halliburton,14,16,> 140,> 140
HIG,Hartford (The),> 140,> 140,> 140,> 140
HAS,Hasbro,0,0,0,0
HCA,HCA Healthcare,> 140,> 140,> 140,> 140
PEAK,Healthpeak,> 140,> 140,> 140,> 140
HSIC,Henry Schein,> 140,> 140,> 140,> 140
HSY,Hershey's,4,4,> 140,> 140
HES,Hess Corporation,129,139,> 140,> 140
HPE,Hewlett Packard Enterprise,4,4,> 140,> 140
HLT,Hilton Worldwide,13,50,74,> 140
HOLX,Hologic,> 140,> 140,> 140,> 140
HD,Home Depot (The),> 140,> 140,> 140,> 140
HON,Honeywell,> 140,> 140,> 140,> 140
HRL,Hormel Foods,15,36,69,> 140
HST,Host Hotels & Resorts,> 140,> 140,> 140,> 140
HWM,Howmet Aerospace,> 140,> 140,> 140,> 140
HPQ,HP Inc.,> 140,> 140,> 140,> 140
HUM,Humana,> 140,> 140,> 140,> 140
HBAN,Huntington Bancshares,> 140,> 140,> 140,> 140
HII,Huntington Ingalls Industries,> 140,> 140,> 140,> 140
IBM,IBM,> 140,> 140,> 140,> 140
IEX,IDEX Corporation,> 140,> 140,> 140,> 140
IDXX,Idexx Laboratories,> 140,> 140,> 140,> 140
ITW,Illinois Tool Works,> 140,> 140,> 140,> 140
ILMN,Illumina,> 140,> 140,> 140,> 140
INCY,Incyte,> 140,> 140,> 140,> 140
IR,Ingersoll Rand,> 140,> 140,> 140,> 140
PODD,Insulet,> 140,> 140,> 140,> 140
INTC,Intel,0,0,0,0
ICE,Intercontinental Exchange,> 140,> 140,> 140,> 140
IFF,International Flavors & Fragrances,0,0,0,0
IP,International Paper,0,0,0,0
IPG,Interpublic Group of Companies (The),> 140,> 140,> 140,> 140
INTU,Intuit,> 140,> 140,> 140,> 140
ISRG,Intuitive Surgical,> 140,> 140,> 140,> 140
IVZ,Invesco,0,0,0,0
INVH,Invitation Homes,> 140,> 140,> 140,> 140
IQV,IQVIA,> 140,> 140,> 140,> 140
IRM,Iron Mountain,> 140,> 140,> 140,> 140
JBHT,J.B. Hunt,4,4,> 140,> 140
JKHY,Jack Henry & Associates,> 140,> 140,> 140,> 140
J,Jacobs Solutions,> 140,> 140,> 140,> 140
JNJ,Johnson & Johnson,> 140,> 140,> 140,> 140
JCI,Johnson Controls,> 140,> 140,> 140,> 140
JPM,JPMorgan Chase,> 140,> 140,> 140,> 140
JNPR,Juniper Networks,4,4,> 140,> 140
K,Kellogg's,> 140,> 140,> 140,> 140
KVUE,Kenvue,> 140,> 140,> 140,> 140
KDP,Keurig Dr Pepper,> 140,> 140,> 140,> 140
KEY,KeyCorp,> 140,> 140,> 140,> 140
KEYS,Keysight,> 140,> 140,> 140,> 140
KMB,Kimberly-Clark,27,64,65,> 140
KIM,Kimco Realty,> 140,> 140,> 140,> 140
KMI,Kinder Morgan,4,4,> 140,> 140
KLAC,KLA Corporation,> 140,> 140,> 140,> 140
KHC,Kraft Heinz,0,0,0,0
KR,Kroger,4,4,> 140,> 140
LHX,L3Harris,> 140,> 140,> 140,> 140
LH,LabCorp,> 140,> 140,> 140,> 140
LRCX,Lam Research,> 140,> 140,> 140,> 140
LW,Lamb Weston,4,4,> 140,> 140
LVS,Las Vegas Sands,> 140,> 140,> 140,> 140
LDOS,Leidos,> 140,> 140,> 140,> 140
LEN,Lennar,> 140,> 140,> 140,> 140
LNC,Lincoln Financial,> 140,> 140,> 140,> 140
LIN,Linde plc,4,4,> 140,> 140
LYV,Live Nation Entertainment,> 140,> 140,> 140,> 140
LKQ,LKQ Corporation,> 140,> 140,> 140,> 140
LMT,Lockheed Martin,> 140,> 140,> 140,> 140
L,Loews Corporation,> 140,> 140,> 140,> 140
LOW,Lowe's,> 140,> 140,> 140,> 140
LYB,LyondellBasell,0,0,0,0
MTB,M&T Bank,> 140,> 140,> 140,> 140
MRO,Marathon Oil,16,19,> 140,> 140
MPC,Marathon Petroleum,4,4,> 140,> 140
MKTX,MarketAxess,> 140,> 140,> 140,> 140
MAR,Marriott International,4,8,59,> 140
MMC,Marsh McLennan,> 140,> 140,> 140,> 140
MLM,Martin Marietta Materials,4,4,> 140,> 140
MAS,Masco,> 140,> 140,> 140,> 140
MA,Mastercard,> 140,> 140,> 140,> 140
MTCH,Match Group,> 140,> 140,> 140,> 140
MKC,McCormick & Company,> 140,> 140,> 140,> 140
MCD,McDonald's,4,4,> 140,> 140
MCK,McKesson,> 140,> 140,> 140,> 140
MDT,Medtronic,> 140,> 140,> 140,> 140
MRK,Merck & Co.,> 140,> 140,> 140,> 140
META,Meta Platforms,> 140,> 140,> 140,> 140
MET,MetLife,> 140,> 140,> 140,> 140
MTD,Mettler Toledo,> 140,> 140,> 140,> 140
MGM,MGM Resorts,4,4,47,> 140
MCHP,Microchip Technology,33,71,> 140,> 140
MU,Micron Technology,133,> 140,> 140,> 140
MSFT,Microsoft,> 140,> 140,> 140,> 140
MAA,Mid-America Apartment Communities,57,> 140,67,> 140
MRNA,Moderna,0,0,0,0
MHK,Mohawk Industries,4,4,65,> 140
MOH,Molina Healthcare,> 140,> 140,> 140,> 140
TAP,Molson Coors Beverage Company,0,0,0,0
MDLZ,Mondelez International,4,4,> 140,> 140
MPWR,Monolithic Power Systems,> 140,> 140,> 140,> 140
MNST,Monster Beverage,> 140,> 140,> 140,> 140
MCO,Moody's Corporation,> 140,> 140,> 140,> 140
MS,Morgan Stanley,> 140,> 140,> 140,> 140
MOS,Mosaic Company (The),4,4,14,> 140
MSI,Motorola Solutions,> 140,> 140,> 140,> 140
MSCI,MSCI,> 140,> 140,> 140,> 140
NDAQ,Nasdaq,> 140,> 140,> 140,> 140
NTAP,NetApp,> 140,> 140,> 140,> 140
NFLX,Netflix,> 140,> 140,> 140,> 140
NWL,Newell Brands,0,0,0,0
NEM,Newmont,74,> 140,> 140,> 140
NWSA,News Corp (Class A),96,97,> 140,> 140
NWS,News Corp (Class B),> 140,> 140,> 140,> 140
NEE,NextEra Energy,4,4,> 140,> 140
NKE,Nike,71,77,> 140,> 140
NI,NiSource,4,4,> 140,> 140
NDSN,Nordson Corporation,> 140,> 140,> 140,> 140
NSC,Norfolk Southern Railway,73,77,> 140,> 140
NTRS,Northern Trust,> 140,> 140,> 140,> 140
NOC,Northrop Grumman,> 140,> 140,> 140,> 140
NCLH,Norwegian Cruise Line Holdings,4,4,> 140,> 140
NRG,NRG Energy,3,4,37,4
NUE,Nucor,4,4,70,> 140
NVDA,Nvidia,> 140,> 140,> 140,> 140
NVR,NVR,> 140,> 140,> 140,> 140
NXPI,NXP Semiconductors,> 140,> 140,> 140,> 140
ORLY,O'Reilly Auto Parts,> 140,> 140,> 140,> 140
OXY,Occidental Petroleum,4,4,> 140,> 140
ODFL,Old Dominion,107,109,> 140,> 140
OMC,Omnicom Group,0,0,0,0
ON,ON Semiconductor,4,4,39,> 140
OKE,ONEOK,> 140,> 140,> 140,> 140
ORCL,Oracle Corporation,> 140,> 140,> 140,> 140
OGN,Organon & Co.,> 140,> 140,> 140,> 140
OTIS,Otis Worldwide,> 140,> 140,> 140,> 140
PCAR,Paccar,> 140,> 140,> 140,> 140
PKG,Packaging Corporation of America,4,4,21,> 140
PANW,Palo Alto Networks,4,4,> 140,> 140
PARA,Paramount Global,0,0,0,0
PH,Parker Hannifin,> 140,> 140,> 140,> 140
PAYX,Paychex,> 140,> 140,> 140,> 140
PAYC,Paycom,> 140,> 140,> 140,> 140
PYPL,PayPal,> 140,> 140,> 140,> 140
PNR,Pentair,> 140,> 140,> 140,> 140
PEP,PepsiCo,4,4,> 140,> 140
PFE,Pfizer,> 140,> 140,> 140,> 140
PCG,PG&E Corporation,12,97,> 140,> 140
PM,Philip Morris International,> 140,> 140,> 140,> 140
PSX,Phillips 66,4,4,67,> 140
PNW,Pinnacle West,4,4,31,15
PXD,Pioneer Natural Resources,58,69,> 140,> 140
PNC,PNC Financial Services,> 140,> 140,> 140,> 140
POOL,Pool Corporation,> 140,> 140,> 140,> 140
PPG,PPG Industries,> 140,> 140,> 140,> 140
PPL,PPL Corporation,4,4,20,> 140
PFG,Principal Financial Group,> 140,> 140,> 140,> 140
PG,Procter & Gamble,> 140,> 140,> 140,> 140
PGR,Progressive Corporation,> 140,> 140,> 140,> 140
PLD,Prologis,> 140,> 140,> 140,> 140
PRU,Prudential Financial,> 140,> 140,> 140,> 140
PEG,Public Service Enterprise Group,> 140,> 140,> 140,> 140
PTC,PTC,> 140,> 140,> 140,> 140
PSA,Public Storage,> 140,> 140,> 140,> 140
PHM,PulteGroup,4,4,> 140,> 140
QRVO,Qorvo,> 140,> 140,> 140,> 140
PWR,Quanta Services,> 140,> 140,> 140,> 140
QCOM,Qualcomm,> 140,> 140,> 140,> 140
DGX,Quest Diagnostics,> 140,> 140,> 140,> 140
RL,Ralph Lauren Corporation,40,58,> 140,> 140
RJF,Raymond James,> 140,> 140,> 140,> 140
RTX,RTX Corporation,> 140,> 140,> 140,> 140
O,Realty Income,4,4,> 140,> 140
REG,Regency Centers,> 140,> 140,> 140,> 140
REGN,Regeneron,> 140,> 140,> 140,> 140
RF,Regions Financial Corporation,> 140,> 140,> 140,> 140
RSG,Republic Services,4,4,> 140,> 140
RMD,ResMed,> 140,> 140,> 140,> 140
RVTY,Revvity,> 140,> 140,> 140,> 140
RHI,Robert Half,> 140,> 140,> 140,> 140
ROK,Rockwell Automation,> 140,> 140,> 140,> 140
ROL,Rollins,> 140,> 140,> 140,> 140
ROP,Roper Technologies,> 140,> 140,> 140,> 140
ROST,Ross Stores,> 140,> 140,> 140,> 140
RCL,Royal Caribbean Group,62,96,> 140,> 140
SPGI,S&P Global,> 140,> 140,> 140,> 140
CRM,Salesforce,> 140,> 140,> 140,> 140
SBAC,SBA Communications,> 140,> 140,> 140,> 140
SLB,Schlumberger,4,4,> 140,> 140
STX,Seagate Technology,> 140,> 140,> 140,> 140
SEE,Sealed Air,106,137,> 140,> 140
SRE,Sempra Energy,4,4,57,> 140
NOW,ServiceNow,> 140,> 140,> 140,> 140
SHW,Sherwin-Williams,> 140,> 140,> 140,> 140
SPG,Simon Property Group,> 140,> 140,> 140,> 140
SWKS,Skyworks Solutions,> 140,> 140,> 140,> 140
SJM,J.M. Smucker Company (The),0,0,0,0
SNA,Snap-on,> 140,> 140,> 140,> 140
SEDG,SolarEdge,0,0,0,0
LUV,Southwest Airlines,4,4,> 140,> 140
SWK,Stanley Black & Decker,104,> 140,> 140,> 140
SBUX,Starbucks,4,4,4,> 140
STT,State Street Corporation,> 140,> 140,> 140,> 140
STLD,Steel Dynamics,24,61,> 140,> 140
STE,Steris,> 140,> 140,> 140,> 140
SYK,Stryker Corporation,> 140,> 140,> 140,> 140
SYF,Synchrony Financial,> 140,> 140,> 140,> 140
SNPS,Synopsys,> 140,> 140,> 140,> 140
SYY,Sysco,> 140,> 140,> 140,> 140
TMUS,T-Mobile US,> 140,> 140,> 140,> 140
TROW,T. Rowe Price,> 140,> 140,> 140,> 140
TTWO,Take-Two Interactive,0,0,0,0
TPR,Tapestry,0,0,0,0
TRGP,Targa Resources,4,4,> 140,> 140
TGT,Target Corporation,49,59,> 140,> 140
TEL,TE Connectivity,> 140,> 140,> 140,> 140
TDY,Teledyne Technologies,> 140,> 140,> 140,> 140
TFX,Teleflex,124,> 140,> 140,> 140
TER,Teradyne,> 140,> 140,> 140,> 140
TSLA,Tesla,> 140,> 140,> 140,> 140
TXN,Texas Instruments,> 140,> 140,> 140,> 140
TXT,Textron,> 140,> 140,> 140,> 140
TMO,Thermo Fisher Scientific,100,112,> 140,> 140
TJX,TJX Companies,> 140,> 140,> 140,> 140
TSCO,Tractor Supply,> 140,> 140,> 140,> 140
TT,Trane Technologies,> 140,> 140,> 140,> 140
TDG,TransDigm Group,> 140,> 140,> 140,> 140
TRV,Travelers Companies (The),> 140,> 140,> 140,> 140
TRMB,Trimble Inc.,> 140,> 140,> 140,> 140
TFC,Truist,> 140,> 140,> 140,> 140
TYL,Tyler Technologies,> 140,> 140,> 140,> 140
TSN,Tyson Foods,4,4,23,> 140
USB,U.S. Bank,> 140,> 140,> 140,> 140
UDR,UDR,106,> 140,> 140,> 140
ULTA,Ulta Beauty,> 140,> 140,> 140,> 140
UNP,Union Pacific Corporation,91,92,> 140,> 140
UAL,United Airlines Holdings,4,4,> 140,> 140
UPS,United Parcel Service,4,4,> 140,> 140
URI,United Rentals,> 140,> 140,> 140,> 140
UNH,UnitedHealth Group,> 140,> 140,> 140,> 140
UHS,Universal Health Services,> 140,> 140,> 140,> 140
VLO,Valero Energy,4,4,53,> 140
VTR,Ventas,54,68,> 140,> 140
VRSN,Verisign,> 140,> 140,> 140,> 140
VRSK,Verisk,> 140,> 140,> 140,> 140
VZ,Verizon,> 140,> 140,> 140,> 140
VRTX,Vertex Pharmaceuticals,> 140,> 140,> 140,> 140
VFC,VF Corporation,38,> 140,40,> 140
VTRS,Viatris,0,0,0,0
VICI,Vici Properties,> 140,> 140,> 140,> 140
V,Visa Inc.,> 140,> 140,> 140,> 140
VMC,Vulcan Materials Company,68,> 140,> 140,> 140
WAB,Wabtec,> 140,> 140,> 140,> 140
WBA,Walgreens Boots Alliance,0,0,0,0
WMT,Walmart,> 140,> 140,> 140,> 140
WBD,Warner Bros. Discovery,> 140,> 140,> 140,> 140
WM,Waste Management,4,4,> 140,> 140
WAT,Waters Corporation,> 140,> 140,> 140,> 140
WEC,WEC Energy Group,4,4,7,> 140
WFC,Wells Fargo,> 140,> 140,> 140,> 140
WELL,Welltower,> 140,> 140,> 140,> 140
WST,West Pharmaceutical Services,> 140,> 140,> 140,> 140
WDC,Western Digital,> 140,> 140,> 140,> 140
WRK,WestRock,0,0,0,0
WY,Weyerhaeuser,6,11,> 140,> 140
WHR,Whirlpool Corporation,117,> 140,> 140,> 140
WMB,Williams Companies,4,4,> 140,> 140
WTW,Willis Towers Watson,> 140,> 140,> 140,> 140
GWW,W. W. Grainger,> 140,> 140,> 140,> 140
WYNN,Wynn Resorts,> 140,> 140,> 140,> 140
XEL,Xcel Energy,4,4,> 140,17
XYL,Xylem Inc.,> 140,> 140,> 140,> 140
YUM,Yum! Brands,> 140,> 140,> 140,> 140
ZBRA,Zebra Technologies,> 140,> 140,> 140,> 140
ZBH,Zimmer Biomet,> 140,> 140,> 140,> 140
ZION,Zions Bancorporation,> 140,> 140,> 140,> 140
ZTS,Zoetis,> 140,> 140,> 140,> 140
