doc_id,file,symbol,company,doc_kind,doc_num,token_offset,n_tokens,n_words,quantity_hits,year_hits
0,AAPL__main_37.txt,AAPL,Apple Inc.,main,37,0,56139,45778,289,653
1,ABNB__data_14.txt,ABNB,Airbnb,data,14,56139,5777,4906,11,28
2,ABT__main_2.txt,ABT,Abbott Laboratories,main,2,61916,49631,38625,109,745
3,ACGL__data_41.txt,ACGL,Arch Capital Group,data,41,111547,10783,8723,28,76
4,ACGL__main_40.txt,ACGL,Arch Capital Group,main,40,122330,11241,9230,19,121
5,ACN__data_6.txt,ACN,Accenture,data,6,133571,2259,1810,0,33
6,ACN__main_5.txt,ACN,Accenture,main,5,135830,28782,24030,77,247
7,ADBE__data_8.txt,ADBE,Adobe Inc.,data,8,164612,51999,31416,30,192
8,ADBE__main_7.txt,ADBE,Adobe Inc.,main,7,216611,4625,2854,27,78
9,ADI__main_34.txt,ADI,Analog Devices,main,34,221236,47737,39242,90,512
10,ADM__main_42.txt,ADM,Archer Daniels Midland,main,42,268973,25619,20413,45,207
11,ADP__main_45.txt,ADP,Automatic Data Processing,main,45,294592,16624,13970,34,147
12,AEE__main_27.txt,AEE,Ameren,main,27,311216,10102,7978,51,156
13,AEP__main_28.txt,AEP,American Electric Power,main,28,321318,28030,23447,161,198
14,AES__main_10.txt,AES,AES Corporation,main,10,349348,25494,20417,133,322
15,AFL__main_11.txt,AFL,Aflac,main,11,374842,45904,37623,171,535
16,AIG__main_29.txt,AIG,American International Group,main,29,420746,28084,23782,29,191
17,AIZ__main_434.txt,AIZ,Assurant,main,434,448830,34196,27917,90,292
18,AJG__main_435.txt,AJG,Arthur J. Gallagher & Co.,main,435,483026,12907,10302,9,141
19,ALB__main_16.txt,ALB,Albemarle Corporation,main,16,495933,25876,20055,32,387
20,ALGN__main_18.txt,ALGN,Align Technology,main,18,521809,6953,6034,4,34
21,ALLE__main_19.txt,ALLE,Allegion,main,19,528762,5299,4260,10,93
22,ALLE__page_0.txt,ALLE,Allegion,page,0,534061,1261,990,3,7
23,ALL__main_436.txt,ALL,Allstate,main,436,535322,1843,1463,19,30
24,AMAT__main_38.txt,AMAT,Applied Materials,main,38,537165,33604,26880,120,406
25,AMCR__main_26.txt,AMCR,Amcor,main,26,570769,58471,46109,104,367
26,AMD__main_9.txt,AMD,Advanced Micro Devices,main,9,629240,54819,45458,79,669
27,AMGN__main_32.txt,AMGN,Amgen,main,32,684059,15675,12699,45,169
28,AMZN__data_25.txt,AMZN,Amazon,data,25,699734,446,336,7,11
29,AMZN__main_24.txt,AMZN,Amazon,main,24,700180,45566,36956,166,524
30,ANET__main_43.txt,ANET,Arista Networks,main,43,745746,23628,19431,32,248
31,AON__main_35.txt,AON,Aon plc,main,35,769374,14398,11755,16,158
32,AOS__main_1.txt,AOS,A. O. Smith,main,1,783772,7882,6427,13,82
33,APA__main_36.txt,APA,APA Corporation,main,36,791654,8394,5609,17,129
34,APD__main_13.txt,APD,Air Products,main,13,800048,26739,21311,36,202
35,APO__main_437.txt,APO,Apollo Global Management,main,437,826787,41141,33876,81,290
36,APTV__main_39.txt,APTV,Aptiv,main,39,867928,4411,3846,11,18
37,ARE__main_17.txt,ARE,Alexandria Real Estate Equities,main,17,872339,27739,22124,24,314
38,AVGO__main_438.txt,AVGO,Broadcom,main,438,900078,25261,21192,21,283
39,AVY__data_48.txt,AVY,Avery Dennison,data,48,925339,18710,14639,8,443
40,AVY__main_47.txt,AVY,Avery Dennison,main,47,944049,145017,106176,1679,2474
41,AWK__main_30.txt,AWK,American Water Works,main,30,1089066,38118,31944,45,221
42,AXON__main_49.txt,AXON,Axon Enterprise,main,49,1127184,14334,12008,3,77
43,AXP__main_439.txt,AXP,American Express,main,439,1141518,16308,12946,41,225
44,BAC__data_54.txt,BAC,Bank of America,data,54,1157826,10557,6562,3,69
45,BAC__main_53.txt,BAC,Bank of America,main,53,1168383,37486,29687,121,385
46,BALL__data_52.txt,BALL,Ball Corporation,data,52,1205869,17556,13133,40,376
47,BALL__main_51.txt,BALL,Ball Corporation,main,51,1223425,17734,14084,117,284
48,BAX__main_55.txt,BAX,Baxter International,main,55,1241159,24384,19194,99,233
49,BA__main_66.txt,BA,Boeing,main,66,1265543,26006,20500,85,258
50,BBY__main_57.txt,BBY,Best Buy,main,57,1291549,27891,23058,91,189
51,BDX__main_56.txt,BDX,Becton Dickinson,main,56,1319440,45185,36562,53,383
52,BEN__main_440.txt,BEN,Franklin Resources,main,440,1364625,25923,21046,29,175
53,BEN__page_0.txt,BEN,Franklin Resources,page,0,1390548,762,623,0,1
54,BG__main_71.txt,BG,Bunge Global,main,71,1391310,47483,38189,61,454
55,BIIB__data_61.txt,BIIB,Biogen,data,61,1438793,1913,1622,0,6
56,BIIB__main_60.txt,BIIB,Biogen,main,60,1440706,28388,22118,40,347
57,BKNG__main_67.txt,BKNG,Booking Holdings,main,67,1469094,9181,7099,6,151
58,BKR__main_50.txt,BKR,Baker Hughes,main,50,1478275,91517,71236,133,927
59,BLK__main_62.txt,BLK,BlackRock,main,62,1569792,26226,21038,61,202
60,BMY__main_69.txt,BMY,Bristol Myers Squibb,main,69,1596018,55607,46321,38,600
61,BNY__main_65.txt,BNY,BNY Mellon,main,65,1651625,9443,7862,16,78
62,BRO__main_441.txt,BRO,Brown & Brown,main,441,1661068,65654,50352,800,1045
63,BR__main_70.txt,BR,Broadridge Financial Solutions,main,70,1726722,4255,3175,6,86
64,BSX__data_68.txt,BSX,Boston Scientific,data,68,1730977,59729,35332,53,252
65,BXP__main_72.txt,BXP,"BXP, Inc.",main,72,1790706,37328,28674,114,594
66,CAH__main_442.txt,CAH,Cardinal Health,main,442,1828034,59646,49027,72,426
67,CARR__main_443.txt,CARR,Carrier Global,main,443,1887680,38728,30504,55,419
68,CAT__main_75.txt,CAT,Caterpillar Inc.,main,75,1926408,31390,25365,55,415
69,CB__main_85.txt,CB,Chubb Limited,main,85,1957798,11852,10004,13,61
70,CCI__main_444.txt,CCI,Crown Castle,main,444,1969650,8784,7003,18,138
71,CDW__main_446.txt,CDW,CDW Corporation,main,446,1978434,22908,19456,22,240
72,CEG__main_110.txt,CEG,Constellation Energy,main,110,2001342,24887,21007,149,253
73,CFG__main_96.txt,CFG,Citizens Financial Group,main,96,2026229,31646,25596,83,306
74,CHD__main_86.txt,CHD,Church & Dwight,main,86,2057875,38037,30131,108,471
75,CHRW__main_447.txt,CHRW,C.H. Robinson,main,447,2095912,25854,20887,26,190
76,CINF__data_90.txt,CINF,Cincinnati Financial,data,90,2121766,6431,5290,22,53
77,CINF__main_89.txt,CINF,Cincinnati Financial,main,89,2128197,9535,8251,20,48
78,CI__main_88.txt,CI,Cigna,main,88,2137732,49879,40257,91,652
79,CLX__main_97.txt,CLX,Clorox,main,97,2187611,22392,17506,151,216
80,CL__main_105.txt,CL,Colgate-Palmolive,main,105,2210003,30221,23847,40,454
81,CME__data_99.txt,CME,CME Group,data,99,2240224,4505,3871,3,15
82,CME__main_98.txt,CME,CME Group,main,98,2244729,2087,1734,0,18
83,CMG__main_84.txt,CMG,Chipotle Mexican Grill,main,84,2246816,18526,14235,14,214
84,CMI__main_117.txt,CMI,Cummins,main,117,2265342,31616,25906,109,378
85,CMS__main_100.txt,CMS,CMS Energy,main,100,2296958,11071,9320,53,135
86,CNC__data_80.txt,CNC,Centene Corporation,data,80,2308029,1644,1342,0,12
87,CNC__main_79.txt,CNC,Centene Corporation,main,79,2309673,23142,19373,44,207
88,CNP__main_81.txt,CNP,CenterPoint Energy,main,81,2332815,37877,28743,191,320
89,COF__main_449.txt,COF,Capital One,main,449,2370692,7750,5980,5,112
90,COHR__main_104.txt,COHR,Coherent Corp.,main,104,2378442,26018,20784,43,49
91,COO__main_111.txt,COO,Cooper Companies (The),main,111,2404460,10642,8530,17,118
92,COP__main_107.txt,COP,ConocoPhillips,main,107,2415102,36344,27665,53,422
93,COR__main_78.txt,COR,Cencora,main,78,2451446,41637,35131,116,256
94,COST__main_450.txt,COST,Costco,main,450,2493083,47475,38186,78,184
95,CPRT__main_451.txt,CPRT,Copart,main,451,2540558,8566,6830,9,90
96,CPT__main_73.txt,CPT,Camden Property Trust,main,73,2549124,27264,21603,18,337
97,CRH__main_114.txt,CRH,CRH plc,main,114,2576388,59557,46058,122,576
98,CRL__page_0.txt,CRL,Charles River Laboratories,page,0,2635945,1247,650,0,60
99,CRM__main_325.txt,CRM,Salesforce,main,325,2637192,21462,17076,62,22
100,CRWD__main_115.txt,CRWD,CrowdStrike,main,115,2658654,24226,20224,9,84
101,CSCO__data_94.txt,CSCO,Cisco,data,94,2682880,2612,1910,0,66
102,CSCO__main_93.txt,CSCO,Cisco,main,93,2685492,22527,18665,62,125
103,CSGP__main_113.txt,CSGP,CoStar Group,main,113,2708019,22879,17804,60,227
104,CSX__main_116.txt,CSX,CSX Corporation,main,116,2730898,23040,16424,99,325
105,CTAS__data_92.txt,CTAS,Cintas,data,92,2753938,353,237,17,3
106,CTAS__main_91.txt,CTAS,Cintas,main,91,2754291,7162,6064,44,44
107,CTSH__data_103.txt,CTSH,Cognizant,data,103,2761453,2452,1430,13,17
108,CTSH__main_102.txt,CTSH,Cognizant,main,102,2763905,26600,21536,6,249
109,CTVA__main_452.txt,CTVA,Corteva,main,452,2790505,34392,27375,85,361
110,CVS__data_118.txt,CVS,CVS Health,data,118,2824897,26544,20656,75,431
111,CVX__main_453.txt,CVX,Chevron Corporation,main,453,2851441,53938,42306,210,701
112,C__main_95.txt,C,Citigroup,main,95,2905379,37748,31165,182,298
113,DAL__main_454.txt,DAL,Delta Air Lines,main,454,2943127,20132,16782,35,238
114,DASH__main_136.txt,DASH,DoorDash,main,136,2963259,398,316,0,4
115,DD__main_143.txt,DD,DuPont,main,143,2963657,50601,39741,27,676
116,DECK__main_123.txt,DECK,Deckers Brands,main,123,3014258,99897,71947,126,629
117,DELL__data_125.txt,DELL,Dell Technologies,data,125,3114155,4105,2779,0,7
118,DELL__main_124.txt,DELL,Dell Technologies,main,124,3118260,62349,52021,71,239
119,DGX__main_308.txt,DGX,Quest Diagnostics,main,308,3180609,20584,16886,39,191
120,DG__main_130.txt,DG,Dollar General,main,130,3201193,13041,10745,30,126
121,DHI__main_140.txt,DHI,D. R. Horton,main,140,3214234,49049,41424,79,401
122,DHR__main_120.txt,DHR,Danaher Corporation,main,120,3263283,17929,14414,19,221
123,DIS__main_456.txt,DIS,Walt Disney Company (The),main,456,3281212,30991,22894,43,289
124,DLR__main_129.txt,DLR,Digital Realty,main,129,3312203,30122,23994,31,278
125,DLTR__main_131.txt,DLTR,Dollar Tree,main,131,3342325,20063,16631,35,147
126,DOC__main_202.txt,DOC,Healthpeak Properties,main,202,3362388,25578,19465,27,392
127,DOV__data_138.txt,DOV,Dover Corporation,data,138,3387966,1592,1158,0,44
128,DOV__main_137.txt,DOV,Dover Corporation,main,137,3389558,3782,2950,2,69
129,DOW__main_139.txt,DOW,Dow Inc.,main,139,3393340,74967,56936,152,804
130,DPZ__data_135.txt,DPZ,Domino's,data,135,3468307,3562,2590,21,46
131,DPZ__main_134.txt,DPZ,Domino's,main,134,3471869,7136,6041,13,49
132,DRI__main_121.txt,DRI,Darden Restaurants,main,121,3479005,20891,17464,37,137
133,DTE__main_141.txt,DTE,DTE Energy,main,141,3499896,40103,30936,128,549
134,DUK__main_142.txt,DUK,Duke Energy,main,142,3539999,27081,22966,129,216
135,DVA__main_122.txt,DVA,DaVita,main,122,3567080,19766,16004,14,231
136,DVN__main_126.txt,DVN,Devon Energy,main,126,3586846,55198,44974,77,631
137,DXCM__main_127.txt,DXCM,Dexcom,main,127,3642044,23343,19099,15,267
138,D__data_133.txt,D,Dominion Energy,data,133,3665387,1214,877,0,56
139,D__main_132.txt,D,Dominion Energy,main,132,3666601,21681,18069,50,275
140,EBAY__main_145.txt,EBAY,eBay Inc.,main,145,3688282,19097,15341,49,370
141,ECL__main_146.txt,ECL,Ecolab,main,146,3707379,39854,32808,167,353
142,ECL__page_0.txt,ECL,Ecolab,page,0,3747233,800,692,2,15
143,EFX__data_159.txt,EFX,Equifax,data,159,3748033,3895,2924,4,31
144,EFX__main_158.txt,EFX,Equifax,main,158,3751928,6850,5539,0,127
145,EG__main_163.txt,EG,Everest Group,main,163,3758778,31054,23848,29,332
146,EIX__data_148.txt,EIX,Edison International,data,148,3789832,6023,4432,1,166
147,EIX__main_147.txt,EIX,Edison International,main,147,3795855,58284,46311,162,922
148,ELV__main_151.txt,ELV,Elevance Health,main,151,3854139,14249,11117,21,120
149,EL__main_162.txt,EL,Estée Lauder Companies (The),main,162,3868388,64611,51092,108,610
150,EME__main_152.txt,EME,Emcor,main,152,3932999,14274,11465,48,164
151,EMR__main_153.txt,EMR,Emerson Electric,main,153,3947273,53884,43347,48,647
152,EOG__page_0.txt,EOG,EOG Resources,page,0,4001157,252,192,0,14
153,EQIX__data_161.txt,EQIX,Equinix,data,161,4001409,8433,5638,10,174
154,EQIX__main_160.txt,EQIX,Equinix,main,160,4009842,29088,24190,71,387
155,EQT__data_157.txt,EQT,EQT Corporation,data,157,4038930,4332,2588,16,103
156,EQT__main_156.txt,EQT,EQT Corporation,main,156,4043262,56696,44740,256,707
157,ETN__main_144.txt,ETN,Eaton Corporation,main,144,4099958,56751,46805,49,335
158,ETR__data_155.txt,ETR,Entergy,data,155,4156709,3642,1405,8,54
159,ETR__main_154.txt,ETR,Entergy,main,154,4160351,28784,21609,221,427
160,EW__data_150.txt,EW,Edwards Lifesciences,data,150,4189135,3604,1857,5,63
161,EW__main_149.txt,EW,Edwards Lifesciences,main,149,4192739,22651,19041,29,237
162,EXE__data_167.txt,EXE,Expand Energy,data,167,4215390,1084,627,5,12
163,EXE__main_166.txt,EXE,Expand Energy,main,166,4216474,42011,34810,37,288
164,EXPD__main_169.txt,EXPD,Expeditors International,main,169,4258485,16539,13894,12,115
165,EXPE__main_168.txt,EXPE,Expedia Group,main,168,4275024,26872,22393,37,136
166,EXR__main_170.txt,EXR,Extra Space Storage,main,170,4301896,8571,5861,10,173
167,FCX__main_184.txt,FCX,Freeport-McMoRan,main,184,4310467,84718,64887,199,702
168,FDS__page_0.txt,FDS,FactSet,page,0,4395185,174,153,0,1
169,FDX__data_173.txt,FDX,FedEx,data,173,4395359,9342,6497,1,241
170,FDX__main_172.txt,FDX,FedEx,main,172,4404701,23460,18223,40,128
171,FERG__main_174.txt,FERG,Ferguson Enterprises,main,174,4428161,18881,15565,30,79
172,FE__main_177.txt,FE,FirstEnergy,main,177,4447042,23957,20026,80,125
173,FICO__page_0.txt,FICO,Fair Isaac,page,0,4470999,1448,1305,0,1
174,FISV__data_179.txt,FISV,Fiserv,data,179,4472447,6396,5018,11,64
175,FISV__main_178.txt,FISV,Fiserv,main,178,4478843,27991,23294,16,171
176,FIS__main_175.txt,FIS,Fidelity National Information Services,main,175,4506834,31608,25654,26,531
177,FITB__main_459.txt,FITB,Fifth Third Bancorp,main,459,4538442,48278,39607,201,434
178,FIX__main_106.txt,FIX,Comfort Systems USA,main,106,4586720,18990,15141,6,245
179,FLEX__main_180.txt,FLEX,Flex Ltd.,main,180,4605710,45126,31182,112,668
180,FOXA__main_183.txt,FOXA,Fox Corporation (Class A),main,183,4650836,27215,23182,48,107
181,FTNT__main_181.txt,FTNT,Fortinet,main,181,4678051,46307,37666,24,494
182,FTV__main_182.txt,FTV,Fortive,main,182,4724358,12339,10332,3,83
183,GD__main_193.txt,GD,General Dynamics,main,193,4736697,20425,17014,44,152
184,GEHC__main_189.txt,GEHC,GE HealthCare,main,189,4757122,30580,25246,26,291
185,GEV__main_190.txt,GEV,GE Vernova,main,190,4787702,87019,72393,117,693
186,GE__data_188.txt,GE,GE Aerospace,data,188,4874721,17398,13489,17,297
187,GE__main_187.txt,GE,GE Aerospace,main,187,4892119,28310,23708,36,229
188,GILD__main_197.txt,GILD,Gilead Sciences,main,197,4920429,31180,26940,40,204
189,GLW__main_112.txt,GLW,Corning Inc.,main,112,4951609,16224,13077,70,201
190,GM__main_510.txt,GM,General Motors,main,510,4967833,13315,10627,9,110
191,GNRC__main_192.txt,GNRC,Generac,main,192,4981148,35378,28243,90,297
192,GOOGL__main_22.txt,GOOGL,Alphabet Inc. (Class A),main,22,5016526,72666,57424,180,871
193,GPC__main_196.txt,GPC,Genuine Parts Company,main,196,5089192,20258,16815,44,122
194,GRMN__data_185.txt,GRMN,Garmin,data,185,5109450,2677,2140,2,14
195,GRMN__main_462.txt,GRMN,Garmin,main,462,5112127,4110,3486,0,21
196,GRMN__page_0.txt,GRMN,Garmin,page,0,5116237,431,367,0,3
197,GS__page_0.txt,GS,Goldman Sachs,page,0,5116668,772,680,0,6
198,GWW__main_463.txt,GWW,W. W. Grainger,main,463,5117440,15730,12224,51,204
199,HAL__main_199.txt,HAL,Halliburton,main,199,5133170,14533,10969,38,155
200,HBAN__main_209.txt,HBAN,Huntington Bancshares,main,209,5147703,29692,23567,163,272
201,HCA__main_201.txt,HCA,HCA Healthcare,main,201,5177395,23248,19982,54,169
202,HD__main_203.txt,HD,Home Depot (The),main,203,5200643,43892,36088,168,375
203,HIG__main_200.txt,HIG,Hartford (The),main,200,5244535,23959,20434,58,191
204,HII__main_210.txt,HII,Huntington Ingalls Industries,main,210,5268494,26095,20809,27,216
205,HII__page_0.txt,HII,Huntington Ingalls Industries,page,0,5294589,23150,18456,27,152
206,HLT__main_464.txt,HLT,Hilton Worldwide,main,464,5317739,45505,36268,111,622
207,HON__main_204.txt,HON,Honeywell Technologies,main,204,5363244,27068,22000,51,176
208,HPQ__main_207.txt,HPQ,HP Inc.,main,207,5390312,84400,65882,134,818
209,HRL__main_205.txt,HRL,Hormel Foods,main,205,5474712,19702,16623,40,160
210,HST__main_466.txt,HST,Host Hotels & Resorts,main,466,5494414,34214,27479,56,503
211,HSY__main_467.txt,HSY,Hershey Company (The),main,467,5528628,41947,31040,98,644
212,HUBB__main_208.txt,HUBB,Hubbell Incorporated,main,208,5570575,52389,43143,44,443
213,HUM__page_0.txt,HUM,Humana,page,0,5622964,551,462,7,7
214,HWM__main_206.txt,HWM,Howmet Aerospace,main,206,5623515,32698,25096,43,442
215,IBKR__main_468.txt,IBKR,Interactive Brokers,main,468,5656213,22486,16847,30,222
216,IBM__page_0.txt,IBM,IBM,page,0,5678699,397,358,0,8
217,ICE__page_0.txt,ICE,Intercontinental Exchange,page,0,5679096,625,557,0,1
218,IDXX__main_212.txt,IDXX,Idexx Laboratories,main,212,5679721,20716,17109,25,216
219,IEX__main_211.txt,IEX,IDEX Corporation,main,211,5700437,34353,28167,63,357
220,IFF__main_216.txt,IFF,International Flavors & Fragrances,main,216,5734790,67012,53228,19,684
221,INTC__main_215.txt,INTC,Intel,main,215,5801802,40605,32515,77,388
222,INTU__main_218.txt,INTU,Intuit,main,218,5842407,29858,23905,91,109
223,INVH__main_221.txt,INVH,Invitation Homes,main,221,5872265,18560,15644,11,111
224,IP__main_217.txt,IP,International Paper,main,217,5890825,24155,19240,25,218
225,IQV__main_222.txt,IQV,IQVIA,main,222,5914980,40089,32270,18,355
226,IRM__main_223.txt,IRM,Iron Mountain,main,223,5955069,25453,18551,46,489
227,ISRG__main_219.txt,ISRG,Intuitive Surgical,main,219,5980522,12817,10312,13,132
228,ITW__data_214.txt,ITW,Illinois Tool Works,data,214,5993339,1128,522,13,22
229,ITW__main_213.txt,ITW,Illinois Tool Works,main,213,5994467,10083,7951,21,106
230,IT__main_186.txt,IT,Gartner,main,186,6004550,23666,19706,15,210
231,JBHT__main_224.txt,JBHT,J.B. Hunt,main,224,6028216,20492,15043,64,262
232,JBL__data_226.txt,JBL,Jabil,data,226,6048708,768,638,0,9
233,JBL__main_225.txt,JBL,Jabil,main,225,6049476,42410,33031,86,272
234,JCI__main_230.txt,JCI,Johnson Controls,main,230,6091886,38620,30481,60,388
235,JKHY__main_227.txt,JKHY,Jack Henry & Associates,main,227,6130506,15178,12725,16,101
236,JNJ__main_229.txt,JNJ,Johnson & Johnson,main,229,6145684,25412,19377,138,368
237,JPM__main_470.txt,JPM,JPMorgan Chase,main,470,6171096,26080,21453,58,214
238,J__main_228.txt,J,Jacobs Solutions,main,228,6197176,57369,46431,43,188
239,KDP__main_231.txt,KDP,Keurig Dr Pepper,main,231,6254545,22637,17604,30,327
240,KEY__main_232.txt,KEY,KeyCorp,main,232,6277182,44119,36484,179,395
241,KHC__main_471.txt,KHC,Kraft Heinz,main,471,6321301,39473,32476,110,562
242,KHC__page_0.txt,KHC,Kraft Heinz,page,0,6360774,977,862,0,4
243,KKR__main_238.txt,KKR,KKR & Co.,main,238,6361751,17865,14829,13,114
244,KLAC__data_472.txt,KLAC,KLA Corporation,data,472,6379616,23388,18013,29,114
245,KLAC__page_0.txt,KLAC,KLA Corporation,page,0,6403004,838,715,2,13
246,KMB__data_235.txt,KMB,Kimberly-Clark,data,235,6403842,24098,18441,19,249
247,KMB__main_234.txt,KMB,Kimberly-Clark,main,234,6427940,12905,10900,9,97
248,KMI__main_237.txt,KMI,Kinder Morgan,main,237,6440845,45592,36151,126,496
249,KO__main_101.txt,KO,Coca-Cola Company (The),main,101,6486437,2023,1589,6,47
250,KR__main_473.txt,KR,Kroger,main,473,6488460,47334,38815,183,546
251,KVUE__page_0.txt,KVUE,Kenvue,page,0,6535794,46786,37649,61,299
252,LDOS__page_0.txt,LDOS,Leidos,page,0,6582580,1638,1386,1,22
253,LEN__main_475.txt,LEN,Lennar,main,475,6584218,7353,6345,11,21
254,LHX__main_239.txt,LHX,L3Harris,main,239,6591571,17699,14239,4,188
255,LH__main_240.txt,LH,Labcorp,main,240,6609270,19506,15102,17,229
256,LII__main_243.txt,LII,Lennox International,main,243,6628776,18308,14931,44,135
257,LIN__main_245.txt,LIN,Linde plc,main,245,6647084,56288,42967,263,640
258,LLY__main_244.txt,LLY,Lilly (Eli),main,244,6703372,16910,14281,45,139
259,LMT__main_246.txt,LMT,Lockheed Martin,main,246,6720282,19496,13285,12,678
260,LNT__data_21.txt,LNT,Alliant Energy,data,21,6739778,1786,1192,11,20
261,LNT__main_20.txt,LNT,Alliant Energy,main,20,6741564,22735,17570,51,275
262,LOW__main_247.txt,LOW,Lowe's,main,247,6764299,30967,24624,117,404
263,LOW__main_248.txt,LOW,Lowe's,main,248,6795266,8450,6892,34,134
264,LRCX__main_241.txt,LRCX,Lam Research,main,241,6803716,35805,28621,78,461
265,LULU__data_250.txt,LULU,Lululemon Athletica,data,250,6839521,10693,7881,1,209
266,LULU__main_249.txt,LULU,Lululemon Athletica,main,249,6850214,24302,19496,104,491
267,LUV__main_342.txt,LUV,Southwest Airlines,main,342,6874516,66792,52698,242,784
268,LVS__main_242.txt,LVS,Las Vegas Sands,main,242,6941308,59432,48169,114,941
269,LYB__main_251.txt,LYB,LyondellBasell,main,251,7000740,76111,61934,100,698
270,L__main_474.txt,L,Loews Corporation,main,474,7076851,2113,1854,1,1
271,MAA__main_476.txt,MAA,Mid-America Apartment Communities,main,476,7078964,27916,21247,69,315
272,MAR__main_477.txt,MAR,Marriott International,main,477,7106880,9574,7648,23,111
273,MAR__page_0.txt,MAR,Marriott International,page,0,7116454,947,584,0,108
274,MAS__main_256.txt,MAS,Masco,main,256,7117401,9859,7652,33,189
275,MA__main_257.txt,MA,Mastercard,main,257,7127260,40861,33562,87,400
276,MCD__data_260.txt,MCD,McDonald's,data,260,7168121,5971,4643,1,62
277,MCD__main_259.txt,MCD,McDonald's,main,259,7174092,29546,24051,44,359
278,MCHP__main_478.txt,MCHP,Microchip Technology,main,478,7203638,28730,22472,29,398
279,MCO__data_479.txt,MCO,Moody's Corporation,data,479,7232368,3170,2571,1,24
280,MDLZ__data_271.txt,MDLZ,Mondelez International,data,271,7235538,2403,1368,0,112
281,MDLZ__main_270.txt,MDLZ,Mondelez International,main,270,7237941,54306,45410,34,535
282,MDT__main_262.txt,MDT,Medtronic,main,262,7292247,32341,27187,47,78
283,META__data_265.txt,META,Meta Platforms,data,265,7324588,7389,4120,9,298
284,META__main_264.txt,META,Meta Platforms,main,264,7331977,18723,16019,53,184
285,META__page_0.txt,META,Meta Platforms,page,0,7350700,18502,16040,57,116
286,MET__data_267.txt,MET,MetLife,data,267,7369202,4178,2541,31,92
287,MET__main_266.txt,MET,MetLife,main,266,7373380,46255,37633,96,287
288,MKC__page_0.txt,MKC,McCormick & Company,page,0,7419635,213,179,0,5
289,MLM__main_254.txt,MLM,Martin Marietta Materials,main,254,7419848,45799,37949,109,596
290,MMM__main_0.txt,MMM,3M,main,0,7465647,28162,23490,27,254
291,MNST__main_272.txt,MNST,Monster Beverage,main,272,7493809,10400,8216,19,112
292,MOS__data_480.txt,MOS,Mosaic Company (The),data,480,7504209,116486,71715,297,540
293,MO__page_0.txt,MO,Altria,page,0,7620695,1359,1106,1,20
294,MRK__main_263.txt,MRK,Merck & Co.,main,263,7622054,71082,57162,111,984
295,MRNA__main_269.txt,MRNA,Moderna,main,269,7693136,31491,25809,56,416
296,MRSH__main_481.txt,MRSH,Marsh McLennan,main,481,7724627,26611,22052,20,279
297,MRVL__main_255.txt,MRVL,Marvell Technology,main,255,7751238,29166,24194,19,166
298,MSCI__data_482.txt,MSCI,MSCI,data,482,7780404,2685,1968,0,20
299,MSCI__page_0.txt,MSCI,MSCI,page,0,7783089,578,514,0,0
300,MSFT__main_268.txt,MSFT,Microsoft,main,268,7783667,26700,22096,68,179
301,MSI__main_274.txt,MSI,Motorola Solutions,main,274,7810367,22945,18075,50,384
302,MS__main_273.txt,MS,Morgan Stanley,main,273,7833312,32641,26737,105,372
303,MTB__main_252.txt,MTB,M&T Bank,main,252,7865953,51517,42247,173,409
304,NCLH__main_286.txt,NCLH,Norwegian Cruise Line Holdings,main,286,7917470,29298,24680,28,205
305,NDAQ__page_0.txt,NDAQ,"Nasdaq, Inc.",page,0,7946768,42725,33502,19,361
306,NDSN__main_282.txt,NDSN,Nordson Corporation,main,282,7989493,4428,3330,27,83
307,NEE__data_279.txt,NEE,NextEra Energy,data,279,7993921,6725,4799,24,63
308,NEE__main_278.txt,NEE,NextEra Energy,main,278,8000646,2127,1790,10,37
309,NEM__main_277.txt,NEM,Newmont,main,277,8002773,46363,38140,266,607
310,NFLX__main_276.txt,NFLX,Netflix,main,276,8049136,21324,16388,46,205
311,NI__main_281.txt,NI,NiSource,main,281,8070460,32845,23096,122,506
312,NKE__main_280.txt,NKE,"Nike, Inc.",main,280,8103305,25305,16568,9,97
313,NOC__data_285.txt,NOC,Northrop Grumman,data,285,8128610,2682,2014,2,36
314,NOC__main_284.txt,NOC,Northrop Grumman,main,284,8131292,13607,10922,53,128
315,NOW__data_484.txt,NOW,ServiceNow,data,484,8144899,2430,2031,1,22
316,NOW__page_0.txt,NOW,ServiceNow,page,0,8147329,450,348,0,5
317,NRG__main_485.txt,NRG,NRG Energy,main,485,8147779,23279,18457,42,302
318,NSC__main_283.txt,NSC,Norfolk Southern,main,283,8171058,1811,1422,16,42
319,NSC__page_0.txt,NSC,Norfolk Southern,page,0,8172869,201,159,0,2
320,NUE__page_0.txt,NUE,Nucor,page,0,8173070,418,348,0,5
321,NVDA__main_486.txt,NVDA,Nvidia,main,486,8173488,19419,15394,16,48
322,NWSA__main_487.txt,NWSA,News Corp (Class A),main,487,8192907,24222,20114,30,257
323,ODFL__main_488.txt,ODFL,Old Dominion,main,488,8217129,12961,10173,12,161
324,OKE__main_489.txt,OKE,Oneok,main,489,8230090,39604,30631,172,514
325,OKE__page_0.txt,OKE,Oneok,page,0,8269694,349,291,0,24
326,ORCL__data_490.txt,ORCL,Oracle Corporation,data,490,8270043,61350,33759,5,402
327,OTIS__main_491.txt,OTIS,Otis Worldwide,main,491,8331393,35489,28557,12,389
328,OTIS__page_0.txt,OTIS,Otis Worldwide,page,0,8366882,34108,27486,12,295
329,OXY__main_492.txt,OXY,Occidental Petroleum,main,492,8400990,40005,32234,96,675
330,O__main_311.txt,O,Realty Income,main,311,8440995,48206,38712,25,488
331,PANW__main_290.txt,PANW,Palo Alto Networks,main,290,8489201,24356,19871,13,180
332,PAYX__main_293.txt,PAYX,Paychex,main,293,8513557,13405,10373,30,51
333,PCAR__main_493.txt,PCAR,Paccar,main,493,8526962,9357,7624,41,97
334,PCG__main_299.txt,PCG,PG&E Corporation,main,299,8536319,57049,44207,282,752
335,PEG__data_494.txt,PEG,Public Service Enterprise Group,data,494,8593368,30123,20246,20,96
336,PEP__data_297.txt,PEP,PepsiCo,data,297,8623491,2835,2271,9,26
337,PEP__main_296.txt,PEP,PepsiCo,main,296,8626326,3691,2977,9,69
338,PFE__main_298.txt,PFE,Pfizer,main,298,8630017,39296,31854,22,392
339,PFG__main_495.txt,PFG,Principal Financial Group,main,495,8669313,37780,30300,36,512
340,PFG__page_0.txt,PFG,Principal Financial Group,page,0,8707093,596,418,0,50
341,PG__data_305.txt,PG,Procter & Gamble,data,305,8707689,3970,2843,12,61
342,PG__main_304.txt,PG,Procter & Gamble,main,304,8711659,7842,6777,17,67
343,PHM__main_496.txt,PHM,PulteGroup,main,496,8719501,15222,11949,58,128
344,PH__main_292.txt,PH,Parker Hannifin,main,292,8734723,16406,13521,18,33
345,PLD__main_497.txt,PLD,Prologis,main,497,8751129,22294,16857,94,286
346,PLTR__data_289.txt,PLTR,Palantir Technologies,data,289,8773423,5432,3853,12,124
347,PM__main_300.txt,PM,Philip Morris International,main,300,8778855,114270,92987,338,1504
348,PNC__main_301.txt,PNC,PNC Financial Services,main,301,8893125,47755,37750,236,429
349,PNR__main_295.txt,PNR,Pentair,main,295,8940880,22095,15170,19,274
350,PPG__main_302.txt,PPG,PPG Industries,main,302,8962975,33897,27908,58,493
351,PPL__main_303.txt,PPL,PPL Corporation,main,303,8996872,26675,20130,83,240
352,PRU__page_0.txt,PRU,Prudential Financial,page,0,9023547,466,380,2,6
353,PSA__main_498.txt,PSA,Public Storage,main,498,9024013,27659,21731,37,219
354,PSKY__main_291.txt,PSKY,Paramount Skydance Corporation,main,291,9051672,40719,33011,23,392
355,PSX__page_0.txt,PSX,Phillips 66,page,0,9092391,733,599,0,15
356,PTC__main_306.txt,PTC,PTC Inc.,main,306,9093124,21041,17513,25,134
357,PWR__main_499.txt,PWR,Quanta Services,main,499,9114165,42526,34553,96,389
358,PYPL__main_294.txt,PYPL,PayPal,main,294,9156691,19372,15371,40,162
359,QCOM__main_307.txt,QCOM,Qualcomm,main,307,9176063,27611,22410,52,286
360,RCL__main_500.txt,RCL,Royal Caribbean Group,main,500,9203674,41763,32781,30,554
361,REGN__data_314.txt,REGN,Regeneron Pharmaceuticals,data,314,9245437,2031,612,22,74
362,REGN__main_313.txt,REGN,Regeneron Pharmaceuticals,main,313,9247468,34765,27833,108,491
363,REG__main_312.txt,REG,Regency Centers,main,312,9282233,21995,16071,56,404
364,RF__main_315.txt,RF,Regions Financial Corporation,main,315,9304228,46041,38212,89,459
365,RF__page_0.txt,RF,Regions Financial Corporation,page,0,9350269,43734,36740,85,369
366,RL__main_309.txt,RL,Ralph Lauren Corporation,main,309,9394003,24560,19917,10,244
367,RMD__main_318.txt,RMD,ResMed|,main,318,9418563,37864,30816,30,295
368,ROK__main_320.txt,ROK,Rockwell Automation,main,320,9456427,26463,22086,19,110
369,ROL__main_321.txt,ROL,"Rollins, Inc.",main,321,9482890,4800,3966,6,40
370,ROST__main_323.txt,ROST,Ross Stores,main,323,9487690,21164,17554,107,233
371,ROST__page_0.txt,ROST,Ross Stores,page,0,9508854,1041,897,2,10
372,RSG__data_317.txt,RSG,Republic Services,data,317,9509895,3661,2536,2,74
373,RSG__main_316.txt,RSG,Republic Services,main,316,9513556,12390,10522,26,145
374,RTX__main_310.txt,RTX,RTX Corporation,main,310,9525946,11620,9317,37,101
375,SBAC__main_327.txt,SBAC,SBA Communications,main,327,9537566,56932,46026,49,486
376,SHW__data_334.txt,SHW,Sherwin-Williams,data,334,9594498,1538,1164,0,24
377,SHW__main_333.txt,SHW,Sherwin-Williams,main,333,9596036,20140,15748,76,286
378,SJM__main_336.txt,SJM,J.M. Smucker Company (The),main,336,9616176,18847,15124,34,187
379,SLB__data_329.txt,SLB,Schlumberger,data,329,9635023,2134,1388,1,122
380,SLB__main_328.txt,SLB,Schlumberger,main,328,9637157,27665,21874,25,398
381,SMCI__main_352.txt,SMCI,Supermicro,main,352,9664822,14623,12165,3,76
382,SNA__main_339.txt,SNA,Snap-on,main,339,9679445,838,629,3,11
383,SNDK__main_326.txt,SNDK,Sandisk,main,326,9680283,43221,31474,19,223
384,SNPS__main_354.txt,SNPS,Synopsys,main,354,9723504,24518,20500,42,151
385,SOLV__main_340.txt,SOLV,Solventum,main,340,9748022,38596,31051,19,363
386,SO__main_341.txt,SO,Southern Company,main,341,9786618,15226,12959,27,127
387,SPGI__main_324.txt,SPGI,S&P Global,main,324,9801844,27155,22110,37,284
388,STE__data_349.txt,STE,Steris,data,349,9828999,545,456,0,7
389,STE__main_348.txt,STE,Steris,main,348,9829544,8340,6891,3,54
390,STLD__main_347.txt,STLD,Steel Dynamics,main,347,9837884,22528,17297,5,318
391,STT__main_346.txt,STT,State Street Corporation,main,346,9860412,34699,28148,55,353
392,STX__main_330.txt,STX,Seagate Technology,main,330,9895111,26377,20258,24,95
393,STZ__main_109.txt,STZ,Constellation Brands,main,109,9921488,22094,17595,56,229
394,SWKS__main_335.txt,SWKS,Skyworks Solutions,main,335,9943582,11794,9540,46,126
395,SWK__main_343.txt,SWK,Stanley Black & Decker,main,343,9955376,14912,12089,40,192
396,SW__data_338.txt,SW,Smurfit Westrock,data,338,9970288,5227,4476,22,38
397,SW__main_337.txt,SW,Smurfit Westrock,main,337,9975515,72156,58596,94,466
398,SYF__main_353.txt,SYF,Synchrony Financial,main,353,10047671,5359,4528,7,24
399,SYK__data_351.txt,SYK,Stryker Corporation,data,351,10053030,666,505,0,20
400,SYK__main_350.txt,SYK,Stryker Corporation,main,350,10053696,18394,14543,59,314
401,SYY__data_356.txt,SYY,Sysco,data,356,10072090,1701,1374,1,10
402,SYY__main_355.txt,SYY,Sysco,main,355,10073791,25292,21072,57,116
403,TAP__main_503.txt,TAP,Molson Coors Beverage Company,main,503,10099083,13669,11430,25,154
404,TDG__main_377.txt,TDG,TransDigm Group,main,377,10112752,17092,13693,153,201
405,TDY__data_366.txt,TDY,Teledyne Technologies,data,366,10129844,2845,1952,9,80
406,TDY__main_365.txt,TDY,Teledyne Technologies,main,365,10132689,8990,7216,12,120
407,TECH__data_59.txt,TECH,Bio-Techne,data,59,10141679,332,252,2,4
408,TECH__main_58.txt,TECH,Bio-Techne,main,58,10142011,27430,22904,27,220
409,TEL__main_364.txt,TEL,TE Connectivity,main,364,10169441,20031,15694,54,288
410,TER__data_368.txt,TER,Teradyne,data,368,10189472,570,292,50,3
411,TER__main_367.txt,TER,Teradyne,main,367,10190042,25805,21355,57,140
412,TFC__data_382.txt,TFC,Truist Financial,data,382,10215847,5272,3599,5,141
413,TFC__main_381.txt,TFC,Truist Financial,main,381,10221119,24895,20143,122,150
414,TGT__data_363.txt,TGT,Target Corporation,data,363,10246014,40297,28377,88,633
415,TGT__main_362.txt,TGT,Target Corporation,main,362,10286311,32164,27140,56,305
416,TPL__page_0.txt,TPL,Texas Pacific Land Corporation,page,0,10318475,2241,1945,0,3
417,TPR__main_359.txt,TPR,"Tapestry, Inc.",main,359,10320716,28966,24088,27,195
418,TRMB__main_380.txt,TRMB,Trimble Inc.,main,380,10349682,20658,16699,12,239
419,TRV__data_379.txt,TRV,Travelers Companies (The),data,379,10370340,11688,9273,21,85
420,TRV__main_378.txt,TRV,Travelers Companies (The),main,378,10382028,86210,73336,310,730
421,TSLA__data_370.txt,TSLA,"Tesla, Inc.",data,370,10468238,1117,875,10,32
422,TSLA__main_369.txt,TSLA,"Tesla, Inc.",main,369,10469355,7981,6035,35,269
423,TSN__main_383.txt,TSN,Tyson Foods,main,383,10477336,19958,16314,53,42
424,TTWO__data_358.txt,TTWO,Take-Two Interactive,data,358,10497294,4357,3633,1,25
425,TTWO__main_357.txt,TTWO,Take-Two Interactive,main,357,10501651,16884,13822,9,109
426,TT__data_376.txt,TT,Trane Technologies,data,376,10518535,806,627,3,22
427,TT__main_375.txt,TT,Trane Technologies,main,375,10519341,55083,44245,90,803
428,TXN__data_372.txt,TXN,Texas Instruments,data,372,10574424,3946,3317,16,37
429,TXN__main_371.txt,TXN,Texas Instruments,main,371,10578370,42006,32496,111,557
430,TXT__main_373.txt,TXT,Textron,main,373,10620376,14050,10834,37,209
431,T__main_44.txt,T,AT&T,main,44,10634426,9450,7654,49,135
432,UAL__main_388.txt,UAL,United Airlines Holdings,main,388,10643876,42623,35102,73,469
433,UAL__page_0.txt,UAL,United Airlines Holdings,page,0,10686499,668,564,1,8
434,UDR__main_384.txt,UDR,"UDR, Inc.",main,384,10687167,32390,24461,30,348
435,ULTA__main_385.txt,ULTA,Ulta Beauty,main,385,10719557,21817,17580,29,224
436,UNH__main_391.txt,UNH,UnitedHealth Group,main,391,10741374,30882,25292,78,358
437,UPS__data_389.txt,UPS,United Parcel Service,data,389,10772256,22315,17076,50,264
438,URI__main_390.txt,URI,United Rentals,main,390,10794571,26446,21234,53,345
439,VEEV__main_394.txt,VEEV,Veeva Systems,main,394,10821017,4261,3645,1,23
440,VICI__main_405.txt,VICI,Vici Properties,main,405,10825278,26597,21711,35,214
441,VLO__main_393.txt,VLO,Valero Energy,main,393,10851875,40620,31822,263,479
442,VLTO__main_396.txt,VLTO,Veralto,main,396,10892495,40716,32861,33,342
443,VMRK__main_506.txt,VMRK,Vivmark Residential,main,506,10933211,42967,34018,66,486
444,VRSK__data_398.txt,VRSK,Verisk Analytics,data,398,10976178,6364,5059,0,66
445,VRSK__main_397.txt,VRSK,Verisk Analytics,main,397,10982542,15289,12411,15,145
446,VRTX__data_402.txt,VRTX,Vertex Pharmaceuticals,data,402,10997831,959,505,10,28
447,VRTX__main_401.txt,VRTX,Vertex Pharmaceuticals,main,401,10998790,16965,14047,39,167
448,VRT__main_403.txt,VRT,Vertiv,main,403,11015755,20705,17433,6,157
449,VST__main_407.txt,VST,Vistra Corp.,main,407,11036460,30667,26117,68,271
450,VTRS__main_404.txt,VTRS,Viatris,main,404,11067127,63717,53013,57,464
451,VTR__main_395.txt,VTR,Ventas,main,395,11130844,18743,14767,13,393
452,VZ__data_400.txt,VZ,Verizon,data,400,11149587,6229,5364,0,34
453,VZ__main_399.txt,VZ,Verizon,main,399,11155816,14504,12411,11,87
454,V__main_406.txt,V,Visa Inc.,main,406,11170320,24810,20234,16,125
455,WAB__data_410.txt,WAB,Wabtec,data,410,11195130,7552,6399,3,33
456,WAB__main_409.txt,WAB,Wabtec,main,409,11202682,8505,6695,16,99
457,WAT__main_508.txt,WAT,Waters Corporation,main,508,11211187,20674,16515,8,326
458,WBD__data_413.txt,WBD,Warner Bros. Discovery,data,413,11231861,334,243,0,3
459,WBD__main_412.txt,WBD,Warner Bros. Discovery,main,412,11232195,19262,16258,8,81
460,WDAY__main_428.txt,WDAY,"Workday, Inc.",main,428,11251457,53980,43628,61,300
461,WDC__main_420.txt,WDC,Western Digital,main,420,11305437,38017,30440,28,111
462,WEC__main_416.txt,WEC,WEC Energy Group,main,416,11343454,41054,33825,153,386
463,WELL__main_419.txt,WELL,Welltower,main,419,11384508,17205,12909,26,137
464,WFC__data_418.txt,WFC,Wells Fargo,data,418,11401713,1386,932,4,27
465,WFC__main_417.txt,WFC,Wells Fargo,main,417,11403099,756,567,0,24
466,WMB__data_425.txt,WMB,Williams Companies,data,425,11403855,9475,5605,77,120
467,WMB__main_424.txt,WMB,Williams Companies,main,424,11413330,70077,56202,151,775
468,WMT__main_411.txt,WMT,Walmart,main,411,11483407,96462,76301,329,259
469,WM__data_415.txt,WM,Waste Management,data,415,11579869,9106,4799,103,247
470,WM__main_414.txt,WM,Waste Management,main,414,11588975,17289,14273,50,288
471,WRB__main_408.txt,WRB,W. R. Berkley Corporation,main,408,11606264,27312,23038,30,165
472,WSM__main_423.txt,WSM,"Williams-Sonoma, Inc.",main,423,11633576,18792,14860,42,270
473,WTW__data_427.txt,WTW,Willis Towers Watson,data,427,11652368,10357,8226,8,225
474,WTW__main_426.txt,WTW,Willis Towers Watson,main,426,11662725,26919,22029,17,381
475,WYNN__main_429.txt,WYNN,Wynn Resorts,main,429,11689644,21071,16921,61,207
476,WY__data_421.txt,WY,Weyerhaeuser,data,421,11710715,3850,2007,51,79
477,WY__data_422.txt,WY,Weyerhaeuser,data,422,11714565,17274,13554,54,163
478,XEL__main_509.txt,XEL,Xcel Energy,main,509,11731839,42202,32150,167,551
479,XOM__main_171.txt,XOM,ExxonMobil,main,171,11774041,43759,35802,54,336
480,XYL__main_430.txt,XYL,Xylem Inc.,main,430,11817800,77993,60781,87,796
481,XYZ__data_64.txt,XYZ,"Block, Inc.",data,64,11895793,35761,21018,6,110
482,XYZ__main_63.txt,XYZ,"Block, Inc.",main,63,11931554,1318,874,7,10
483,YUM__main_431.txt,YUM,Yum! Brands,main,431,11932872,14954,11882,27,222
484,ZBH__main_432.txt,ZBH,Zimmer Biomet,main,432,11947826,21007,17718,18,180
485,ZTS__main_433.txt,ZTS,Zoetis,main,433,11968833,18056,14457,40,216
